Student_ID,Course_Code,Assessment_Type,Mark,Assessment_Date,Academic_Year,Semester,Attendance_Rate
MU011,CS102 ,Test,110,10/02/2023,2023/2024,Semester 1,105
HU008,CS101,Assignment,110,2023/03/15,2023/2024,Semester 1,40
MU013,CS-101,Test,-5,2023-01-10,2023/2024,Semester 1,40
KI033,CS101,Assignment,60,10/02/2023,2023/2024,Semester1,105
HU042,CS101,Assignment,75,2023/03/15,2023/2024,Semester 1,105
MU001,CS-101,Assignment,-5,2023/03/15,2023/2024,Semester1,40
HU006,CS-101,Exam,75,10/02/2023,2023/2024,Semester 1,80
HU026,cs103,Exam,60,10/02/2023,2023/2024,Semester 1,
KI014,CS-101,Test,110,10/02/2023,2023/2024,Semester 1,
KI009,CS102 ,Test,45,2023-01-10,2023/2024,Semester1,105
MU009,CS101,Exam,110,2023-01-10,2023/2024,Semester 1,
MU021,CS101,Test,-5,2023/03/15,2023/2024,Semester1,40
HU033,CS102 ,Exam,,10/02/2023,2023/2024,Semester1,40
MU050,CS-101,Assignment,45,2023-01-10,2023/2024,Semester1,105
HU021,CS102 ,Test,-5,10/02/2023,2023/2024,Semester1,105
KI020,CS102 ,Test,60,2023/03/15,2023/2024,Semester1,105
MU012,cs103,Exam,45,2023-01-10,2023/2024,Semester1,80
HU004,CS102 ,Test,-5,2023-01-10,2023/2024,Semester1,
KI044,CS101,Test,60,2023-01-10,2023/2024,Semester1,105
KI025,CS102 ,Assignment,110,2023/03/15,2023/2024,Semester1,60
KI012,CS101,Test,,10/02/2023,2023/2024,Semester 1,60
KI044,CS101,Assignment,60,2023-01-10,2023/2024,Semester 1,40
KI045,CS101,Exam,75,2023/03/15,2023/2024,Semester 1,
KI005,CS-101,Test,60,10/02/2023,2023/2024,Semester 1,105
MU037,cs103,Assignment,60,2023/03/15,2023/2024,Semester 1,60
MU031,CS101,Exam,,10/02/2023,2023/2024,Semester1,
HU031,CS101,Test,75,2023/03/15,2023/2024,Semester1,40
HU040,CS-101,Exam,-5,10/02/2023,2023/2024,Semester1,80
HU036,CS101,Test,-5,2023-01-10,2023/2024,Semester1,
HU006,CS102 ,Exam,60,10/02/2023,2023/2024,Semester1,
KI016,CS102 ,Exam,75,2023/03/15,2023/2024,Semester1,80
KI025,cs103,Assignment,75,2023/03/15,2023/2024,Semester1,
HU004,CS101,Exam,,10/02/2023,2023/2024,Semester 1,40
KI029,CS-101,Test,110,2023-01-10,2023/2024,Semester 1,40
MU034,CS102 ,Test,-5,2023-01-10,2023/2024,Semester 1,80
MU018,CS-101,Assignment,,10/02/2023,2023/2024,Semester 1,105
MU013,CS-101,Test,45,10/02/2023,2023/2024,Semester1,60
KI044,CS102 ,Test,-5,2023/03/15,2023/2024,Semester1,105
KI012,CS-101,Test,,2023-01-10,2023/2024,Semester1,
KI029,CS102 ,Exam,-5,10/02/2023,2023/2024,Semester 1,60
MU036,CS-101,Exam,110,2023-01-10,2023/2024,Semester1,80
HU026,CS102 ,Test,45,10/02/2023,2023/2024,Semester1,80
HU044,CS101,Assignment,110,10/02/2023,2023/2024,Semester1,60
MU033,cs103,Exam,45,2023-01-10,2023/2024,Semester 1,40
KI020,CS102 ,Assignment,60,10/02/2023,2023/2024,Semester1,60
MU018,CS102 ,Test,,10/02/2023,2023/2024,Semester 1,
KI018,cs103,Test,45,2023/03/15,2023/2024,Semester 1,40
HU019,CS102 ,Exam,110,10/02/2023,2023/2024,Semester 1,80
HU020,CS102 ,Test,-5,10/02/2023,2023/2024,Semester 1,60
MU013,CS-101,Exam,45,10/02/2023,2023/2024,Semester1,105
MU040,cs103,Test,,2023/03/15,2023/2024,Semester 1,105
HU047,CS101,Test,45,2023-01-10,2023/2024,Semester 1,
HU001,CS102 ,Exam,75,2023/03/15,2023/2024,Semester1,105
KI040,cs103,Exam,-5,2023/03/15,2023/2024,Semester1,60
MU042,CS-101,Exam,,2023-01-10,2023/2024,Semester 1,60
KI014,CS101,Test,,2023/03/15,2023/2024,Semester1,105
HU038,cs103,Test,60,2023-01-10,2023/2024,Semester 1,60
HU037,CS101,Assignment,110,2023/03/15,2023/2024,Semester 1,
MU026,CS101,Exam,60,2023-01-10,2023/2024,Semester 1,40
MU039,CS101,Test,,10/02/2023,2023/2024,Semester 1,
KI050,CS102 ,Test,-5,2023/03/15,2023/2024,Semester1,
KI027,CS102 ,Exam,45,2023/03/15,2023/2024,Semester 1,60
HU003,CS-101,Assignment,45,2023/03/15,2023/2024,Semester1,40
MU034,CS-101,Exam,-5,2023/03/15,2023/2024,Semester1,60
HU010,cs103,Assignment,,10/02/2023,2023/2024,Semester1,80
HU005,CS-101,Test,45,2023/03/15,2023/2024,Semester1,60
MU038,CS101,Assignment,45,10/02/2023,2023/2024,Semester 1,60
MU030,CS101,Test,45,10/02/2023,2023/2024,Semester1,60
HU013,CS102 ,Exam,110,10/02/2023,2023/2024,Semester 1,40
MU030,CS101,Exam,110,10/02/2023,2023/2024,Semester1,60
KI034,cs103,Exam,75,2023-01-10,2023/2024,Semester1,40
KI015,CS101,Assignment,60,2023-01-10,2023/2024,Semester 1,105
KI013,CS101,Test,-5,2023/03/15,2023/2024,Semester 1,80
MU001,cs103,Exam,-5,2023-01-10,2023/2024,Semester 1,40
KI023,CS-101,Exam,-5,2023-01-10,2023/2024,Semester1,105
HU017,CS-101,Test,75,2023/03/15,2023/2024,Semester1,40
HU009,cs103,Exam,110,2023/03/15,2023/2024,Semester 1,40
MU043,CS102 ,Test,,2023/03/15,2023/2024,Semester 1,80
HU038,CS101,Test,,2023-01-10,2023/2024,Semester 1,
KI044,cs103,Test,75,2023-01-10,2023/2024,Semester 1,
KI045,CS101,Test,,2023/03/15,2023/2024,Semester1,40
HU049,CS102 ,Test,-5,10/02/2023,2023/2024,Semester 1,60
KI019,CS101,Assignment,60,2023/03/15,2023/2024,Semester 1,105
KI012,cs103,Exam,45,10/02/2023,2023/2024,Semester 1,60
KI028,CS101,Assignment,110,10/02/2023,2023/2024,Semester 1,60
MU017,CS-101,Exam,110,2023/03/15,2023/2024,Semester1,40
MU020,CS102 ,Assignment,75,2023/03/15,2023/2024,Semester 1,40
MU037,CS102 ,Test,110,2023/03/15,2023/2024,Semester1,40
KI026,CS102 ,Exam,-5,2023-01-10,2023/2024,Semester 1,40
HU035,cs103,Exam,,10/02/2023,2023/2024,Semester 1,
HU001,CS102 ,Assignment,-5,2023-01-10,2023/2024,Semester1,40
HU040,CS-101,Assignment,75,2023-01-10,2023/2024,Semester 1,
KI014,cs103,Exam,-5,2023/03/15,2023/2024,Semester1,
MU050,CS-101,Assignment,,2023-01-10,2023/2024,Semester1,40
KI010,CS101,Assignment,60,2023/03/15,2023/2024,Semester 1,80
KI014,CS101,Assignment,75,10/02/2023,2023/2024,Semester1,105
KI043,CS101,Test,60,2023/03/15,2023/2024,Semester1,60
KI022,CS101,Test,45,2023-01-10,2023/2024,Semester1,
HU011,CS-101,Assignment,60,2023-01-10,2023/2024,Semester1,105
MU005,cs103,Assignment,45,2023/03/15,2023/2024,Semester1,80
HU014,cs103,Test,45,2023/03/15,2023/2024,Semester1,60
KI010,CS102 ,Test,60,2023-01-10,2023/2024,Semester1,60
HU030,CS-101,Exam,75,10/02/2023,2023/2024,Semester1,
HU035,CS101,Exam,,10/02/2023,2023/2024,Semester 1,40
HU005,CS-101,Test,-5,2023/03/15,2023/2024,Semester 1,80
KI033,CS102 ,Assignment,-5,10/02/2023,2023/2024,Semester1,
MU023,CS102 ,Assignment,,2023-01-10,2023/2024,Semester 1,80
KI028,CS-101,Assignment,45,2023/03/15,2023/2024,Semester1,40
KI012,CS-101,Assignment,45,2023-01-10,2023/2024,Semester1,40
MU032,CS-101,Exam,75,2023-01-10,2023/2024,Semester 1,
KI039,cs103,Test,110,10/02/2023,2023/2024,Semester1,40
HU042,CS101,Assignment,60,2023/03/15,2023/2024,Semester1,105
KI039,CS-101,Exam,45,2023/03/15,2023/2024,Semester1,60
MU046,CS-101,Assignment,-5,10/02/2023,2023/2024,Semester1,
HU040,CS-101,Test,75,2023-01-10,2023/2024,Semester 1,80
KI022,CS102 ,Exam,60,2023-01-10,2023/2024,Semester1,105
HU039,CS102 ,Test,75,2023-01-10,2023/2024,Semester1,
MU004,cs103,Test,60,2023-01-10,2023/2024,Semester1,40
HU014,CS101,Exam,60,2023/03/15,2023/2024,Semester 1,40
HU032,cs103,Exam,,2023/03/15,2023/2024,Semester1,40
MU025,CS101,Exam,45,10/02/2023,2023/2024,Semester 1,40
KI047,CS102 ,Exam,75,10/02/2023,2023/2024,Semester 1,80
HU023,CS102 ,Exam,75,2023/03/15,2023/2024,Semester1,105
KI013,CS102 ,Exam,,2023/03/15,2023/2024,Semester1,60
MU043,cs103,Exam,-5,2023-01-10,2023/2024,Semester 1,80
MU045,CS-101,Assignment,-5,2023-01-10,2023/2024,Semester1,80
KI003,CS-101,Test,45,10/02/2023,2023/2024,Semester 1,60
MU004,CS102 ,Exam,45,2023/03/15,2023/2024,Semester 1,60
MU004,CS-101,Assignment,110,10/02/2023,2023/2024,Semester1,40
HU039,CS-101,Assignment,,2023/03/15,2023/2024,Semester1,80
MU034,cs103,Assignment,-5,2023-01-10,2023/2024,Semester 1,
KI017,CS101,Test,60,10/02/2023,2023/2024,Semester 1,60
MU035,CS102 ,Exam,75,10/02/2023,2023/2024,Semester 1,60
HU042,CS102 ,Assignment,45,2023/03/15,2023/2024,Semester 1,105
HU015,cs103,Test,75,2023-01-10,2023/2024,Semester1,
MU011,cs103,Test,75,10/02/2023,2023/2024,Semester1,
HU033,CS-101,Test,110,2023-01-10,2023/2024,Semester1,60
HU038,CS102 ,Assignment,-5,10/02/2023,2023/2024,Semester1,40
KI047,CS101,Exam,45,2023-01-10,2023/2024,Semester1,105
HU033,cs103,Assignment,75,2023/03/15,2023/2024,Semester 1,
KI036,CS101,Assignment,45,10/02/2023,2023/2024,Semester1,60
KI016,CS101,Exam,60,10/02/2023,2023/2024,Semester1,
HU010,CS102 ,Exam,110,2023-01-10,2023/2024,Semester1,105
HU005,CS102 ,Exam,60,2023-01-10,2023/2024,Semester1,105
MU023,cs103,Test,45,10/02/2023,2023/2024,Semester1,80
KI024,CS102 ,Exam,45,2023/03/15,2023/2024,Semester 1,60
KI047,CS102 ,Assignment,-5,2023-01-10,2023/2024,Semester 1,105
MU018,CS102 ,Exam,75,2023-01-10,2023/2024,Semester 1,80
HU038,CS101,Assignment,75,2023-01-10,2023/2024,Semester1,80
MU041,cs103,Test,60,10/02/2023,2023/2024,Semester 1,
HU047,CS-101,Assignment,110,10/02/2023,2023/2024,Semester 1,
MU009,CS101,Assignment,,10/02/2023,2023/2024,Semester1,80
HU015,CS102 ,Exam,75,10/02/2023,2023/2024,Semester1,
MU036,CS101,Exam,-5,2023/03/15,2023/2024,Semester1,105
HU005,CS102 ,Assignment,60,2023/03/15,2023/2024,Semester 1,40
HU047,CS102 ,Exam,60,10/02/2023,2023/2024,Semester 1,105
KI018,CS101,Test,,2023/03/15,2023/2024,Semester1,80
KI026,cs103,Test,-5,2023-01-10,2023/2024,Semester1,80
MU030,CS102 ,Exam,110,2023-01-10,2023/2024,Semester 1,105
KI045,cs103,Test,-5,2023-01-10,2023/2024,Semester 1,
MU015,CS-101,Exam,110,10/02/2023,2023/2024,Semester1,
HU036,CS102 ,Assignment,-5,2023-01-10,2023/2024,Semester1,80
HU026,cs103,Assignment,-5,2023/03/15,2023/2024,Semester 1,60
HU043,cs103,Test,45,10/02/2023,2023/2024,Semester1,
HU027,CS-101,Exam,60,2023/03/15,2023/2024,Semester 1,105
KI019,cs103,Exam,-5,2023-01-10,2023/2024,Semester 1,
MU048,cs103,Test,,2023-01-10,2023/2024,Semester 1,105
HU011,CS-101,Assignment,-5,2023-01-10,2023/2024,Semester 1,80
KI024,CS102 ,Test,75,10/02/2023,2023/2024,Semester1,
MU004,cs103,Assignment,60,2023/03/15,2023/2024,Semester1,105
HU038,cs103,Exam,75,10/02/2023,2023/2024,Semester 1,80
MU034,cs103,Assignment,60,10/02/2023,2023/2024,Semester 1,60
HU023,CS101,Test,75,2023-01-10,2023/2024,Semester 1,105
HU047,CS-101,Exam,-5,10/02/2023,2023/2024,Semester 1,60
KI040,CS101,Test,-5,10/02/2023,2023/2024,Semester 1,60
HU046,CS-101,Test,45,2023-01-10,2023/2024,Semester1,40
MU007,CS102 ,Assignment,,10/02/2023,2023/2024,Semester1,
MU040,CS102 ,Test,75,2023-01-10,2023/2024,Semester1,105
MU041,cs103,Assignment,110,2023-01-10,2023/2024,Semester1,60
MU004,CS-101,Exam,45,2023-01-10,2023/2024,Semester 1,40
MU011,CS102 ,Assignment,75,2023-01-10,2023/2024,Semester 1,80
MU004,CS-101,Exam,75,10/02/2023,2023/2024,Semester 1,105
KI010,CS102 ,Assignment,45,2023-01-10,2023/2024,Semester 1,60
KI050,CS101,Test,-5,2023-01-10,2023/2024,Semester 1,
KI018,CS102 ,Assignment,75,10/02/2023,2023/2024,Semester1,40
MU033,CS101,Assignment,-5,10/02/2023,2023/2024,Semester 1,60
MU020,CS102 ,Exam,45,2023/03/15,2023/2024,Semester1,
HU037,cs103,Test,-5,10/02/2023,2023/2024,Semester1,60
KI022,CS101,Assignment,60,10/02/2023,2023/2024,Semester1,105
MU027,CS102 ,Test,110,2023/03/15,2023/2024,Semester1,105
MU006,cs103,Assignment,75,10/02/2023,2023/2024,Semester 1,105
KI042,CS101,Assignment,,10/02/2023,2023/2024,Semester1,40
HU031,cs103,Test,110,10/02/2023,2023/2024,Semester1,105
MU022,CS-101,Assignment,-5,10/02/2023,2023/2024,Semester1,
MU037,CS-101,Test,75,2023/03/15,2023/2024,Semester 1,60
KI001,CS101,Assignment,-5,10/02/2023,2023/2024,Semester 1,80
HU029,CS102 ,Exam,60,10/02/2023,2023/2024,Semester 1,
HU040,CS101,Test,45,2023/03/15,2023/2024,Semester1,
HU041,cs103,Assignment,75,2023-01-10,2023/2024,Semester1,105
HU011,CS102 ,Assignment,60,2023/03/15,2023/2024,Semester 1,40
