Student_ID,Full_Name,Gender,DOB,Program,Level,Intake_Year,Phone,Campus_ID,Campus_Name,Source_Campus_File,Upload_Date
HU001,charles#,,,ict ,Level 6,2020,0781234567,HU,Huye,huye_students.csv,2026-02-12 09:44:47.451886
HU002,Diane ,female,2000/01/01, BUSINESS,Level 6,2022,07A345678,HU,Huye,huye_students.csv,2026-02-12 09:44:47.451886
HU003,alice  ,,01-02-2001,Engineering,level 7,2021,0781234567,HU,Huye,huye_students.csv,2026-02-12 09:44:47.451886
HU004,charles#,,2003-05-12, BUSINESS,Level 6,2021,07A345678,HU,Huye,huye_students.csv,2026-02-12 09:44:47.451886
HU005,charles#,Male,2000/01/01, BUSINESS,level 7,2020,0781234567,HU,Huye,huye_students.csv,2026-02-12 09:44:47.451886
HU006,Diane ,,,ict ,Level7,2021,0781234567,HU,Huye,huye_students.csv,2026-02-12 09:44:47.451886
HU007,alice  ,Male,01-02-2001, BUSINESS,level 7,2021,,HU,Huye,huye_students.csv,2026-02-12 09:44:47.451886
HU008,alice  ,,2000/01/01,ict ,Level 6,2022,,HU,Huye,huye_students.csv,2026-02-12 09:44:47.451886
HU009,charles#,,, BUSINESS,Level7,2022,0781234567,HU,Huye,huye_students.csv,2026-02-12 09:44:47.451886
HU010,BOB@,Male,,Engineering,Level7,2022,0781234567,HU,Huye,huye_students.csv,2026-02-12 09:44:47.451886
HU011,charles#,Male,, BUSINESS,Level7,2022,,HU,Huye,huye_students.csv,2026-02-12 09:44:47.451886
HU012,charles#,,2000/01/01,ict ,level 7,2020,,HU,Huye,huye_students.csv,2026-02-12 09:44:47.451886
HU013,charles#,female,2000/01/01,ict ,Level 6,2022,,HU,Huye,huye_students.csv,2026-02-12 09:44:47.451886
HU014,charles#,Male,2000/01/01,Engineering,Level7,2021,07A345678,HU,Huye,huye_students.csv,2026-02-12 09:44:47.451886
HU015,Diane ,female,2003-05-12, BUSINESS,Level7,2020,0781234567,HU,Huye,huye_students.csv,2026-02-12 09:44:47.451886
HU016,alice  ,female,2000/01/01, BUSINESS,Level7,2021,,HU,Huye,huye_students.csv,2026-02-12 09:44:47.451886
HU017,Diane ,female,2000/01/01,Engineering,level 7,2021,0781234567,HU,Huye,huye_students.csv,2026-02-12 09:44:47.451886
HU018,Diane ,Male,2000/01/01, BUSINESS,level 7,2021,07A345678,HU,Huye,huye_students.csv,2026-02-12 09:44:47.451886
HU019,Diane ,female,2003-05-12, BUSINESS,Level 6,2022,07A345678,HU,Huye,huye_students.csv,2026-02-12 09:44:47.451886
HU020,charles#,Male,2000/01/01,ict ,level 7,2022,,HU,Huye,huye_students.csv,2026-02-12 09:44:47.451886
HU021,BOB@,female,, BUSINESS,Level7,2020,07A345678,HU,Huye,huye_students.csv,2026-02-12 09:44:47.451886
HU022,alice  ,,2000/01/01, BUSINESS,Level 6,2020,0781234567,HU,Huye,huye_students.csv,2026-02-12 09:44:47.451886
HU023,BOB@,,,Engineering,Level7,2022,,HU,Huye,huye_students.csv,2026-02-12 09:44:47.451886
HU024,Diane ,Male,,Engineering,Level7,2021,0781234567,HU,Huye,huye_students.csv,2026-02-12 09:44:47.451886
HU025,Diane ,,,ict ,level 7,2020,0781234567,HU,Huye,huye_students.csv,2026-02-12 09:44:47.451886
HU026,BOB@,,2003-05-12, BUSINESS,Level 6,2022,07A345678,HU,Huye,huye_students.csv,2026-02-12 09:44:47.451886
HU027,BOB@,female,2003-05-12, BUSINESS,level 7,2022,07A345678,HU,Huye,huye_students.csv,2026-02-12 09:44:47.451886
HU028,BOB@,Male,2003-05-12, BUSINESS,level 7,2022,07A345678,HU,Huye,huye_students.csv,2026-02-12 09:44:47.451886
HU029,Diane ,female,2000/01/01,ict ,Level 6,2021,07A345678,HU,Huye,huye_students.csv,2026-02-12 09:44:47.451886
HU030,Diane ,female,,ict ,Level7,2022,07A345678,HU,Huye,huye_students.csv,2026-02-12 09:44:47.451886
HU031,alice  ,female,2003-05-12,Engineering,Level7,2022,,HU,Huye,huye_students.csv,2026-02-12 09:44:47.451886
HU032,alice  ,female,2003-05-12,ict ,Level 6,2022,0781234567,HU,Huye,huye_students.csv,2026-02-12 09:44:47.451886
HU033,Diane ,female,2000/01/01, BUSINESS,Level7,2022,0781234567,HU,Huye,huye_students.csv,2026-02-12 09:44:47.451886
HU034,BOB@,female,2003-05-12, BUSINESS,Level 6,2020,0781234567,HU,Huye,huye_students.csv,2026-02-12 09:44:47.451886
HU035,BOB@,female,2000/01/01,ict ,Level 6,2020,0781234567,HU,Huye,huye_students.csv,2026-02-12 09:44:47.451886
HU036,alice  ,Male,01-02-2001, BUSINESS,level 7,2022,07A345678,HU,Huye,huye_students.csv,2026-02-12 09:44:47.451886
HU037,Diane ,,2003-05-12, BUSINESS,Level 6,2021,0781234567,HU,Huye,huye_students.csv,2026-02-12 09:44:47.451886
HU038,alice  ,female,01-02-2001,ict ,level 7,2020,,HU,Huye,huye_students.csv,2026-02-12 09:44:47.451886
HU039,alice  ,female,2000/01/01,ict ,Level7,2022,,HU,Huye,huye_students.csv,2026-02-12 09:44:47.451886
HU040,charles#,female,, BUSINESS,Level7,2020,0781234567,HU,Huye,huye_students.csv,2026-02-12 09:44:47.451886
HU041,charles#,female,2003-05-12, BUSINESS,Level7,2020,0781234567,HU,Huye,huye_students.csv,2026-02-12 09:44:47.451886
HU042,charles#,female,2000/01/01, BUSINESS,Level7,2021,,HU,Huye,huye_students.csv,2026-02-12 09:44:47.451886
HU043,BOB@,female,,Engineering,level 7,2022,,HU,Huye,huye_students.csv,2026-02-12 09:44:47.451886
HU044,Diane ,,,Engineering,Level7,2022,07A345678,HU,Huye,huye_students.csv,2026-02-12 09:44:47.451886
HU045,Diane ,,01-02-2001,Engineering,Level 6,2021,,HU,Huye,huye_students.csv,2026-02-12 09:44:47.451886
HU046,Diane ,female,2000/01/01,ict ,Level 6,2021,07A345678,HU,Huye,huye_students.csv,2026-02-12 09:44:47.451886
HU047,Diane ,,,Engineering,Level 6,2022,07A345678,HU,Huye,huye_students.csv,2026-02-12 09:44:47.451886
HU048,charles#,Male,2003-05-12,ict ,level 7,2022,07A345678,HU,Huye,huye_students.csv,2026-02-12 09:44:47.451886
HU049,BOB@,female,2003-05-12,ict ,Level7,2021,07A345678,HU,Huye,huye_students.csv,2026-02-12 09:44:47.451886
HU050,BOB@,Male,01-02-2001,Engineering,Level7,2020,07A345678,HU,Huye,huye_students.csv,2026-02-12 09:44:47.451886
KI001,alice  ,,2003-05-12,Engineering,Level 6,2021,,KI,Kigali,kigali_students.csv,2026-02-12 09:44:47.466967
KI002,charles#,Male,2000/01/01, BUSINESS,Level 6,2021,,KI,Kigali,kigali_students.csv,2026-02-12 09:44:47.466967
KI003,BOB@,,01-02-2001,Engineering,Level7,2022,07A345678,KI,Kigali,kigali_students.csv,2026-02-12 09:44:47.466967
KI004,Diane ,female,2003-05-12,ict ,level 7,2020,,KI,Kigali,kigali_students.csv,2026-02-12 09:44:47.466967
KI005,charles#,Male,01-02-2001,Engineering,Level 6,2022,0781234567,KI,Kigali,kigali_students.csv,2026-02-12 09:44:47.466967
KI006,charles#,female,2000/01/01,ict ,Level 6,2021,0781234567,KI,Kigali,kigali_students.csv,2026-02-12 09:44:47.466967
KI007,BOB@,,01-02-2001,Engineering,Level 6,2020,,KI,Kigali,kigali_students.csv,2026-02-12 09:44:47.466967
KI008,alice  ,female,01-02-2001, BUSINESS,Level7,2021,0781234567,KI,Kigali,kigali_students.csv,2026-02-12 09:44:47.466967
KI009,BOB@,female,01-02-2001, BUSINESS,Level 6,2020,,KI,Kigali,kigali_students.csv,2026-02-12 09:44:47.466967
KI010,alice  ,,01-02-2001,ict ,level 7,2022,0781234567,KI,Kigali,kigali_students.csv,2026-02-12 09:44:47.466967
KI011,Diane ,female,2000/01/01,ict ,Level 6,2020,0781234567,KI,Kigali,kigali_students.csv,2026-02-12 09:44:47.466967
KI012,charles#,female,,ict ,Level 6,2020,,KI,Kigali,kigali_students.csv,2026-02-12 09:44:47.466967
KI013,Diane ,,01-02-2001,Engineering,level 7,2020,0781234567,KI,Kigali,kigali_students.csv,2026-02-12 09:44:47.466967
KI014,alice  ,female,01-02-2001,Engineering,Level 6,2020,,KI,Kigali,kigali_students.csv,2026-02-12 09:44:47.466967
KI015,alice  ,,2003-05-12,ict ,Level7,2020,0781234567,KI,Kigali,kigali_students.csv,2026-02-12 09:44:47.466967
KI016,Diane ,female,01-02-2001, BUSINESS,Level7,2021,0781234567,KI,Kigali,kigali_students.csv,2026-02-12 09:44:47.466967
KI017,alice  ,,2003-05-12,Engineering,Level7,2020,07A345678,KI,Kigali,kigali_students.csv,2026-02-12 09:44:47.466967
KI018,Diane ,,,Engineering,level 7,2020,07A345678,KI,Kigali,kigali_students.csv,2026-02-12 09:44:47.466967
KI019,charles#,female,2000/01/01,Engineering,Level 6,2022,,KI,Kigali,kigali_students.csv,2026-02-12 09:44:47.466967
KI020,Diane ,female,2000/01/01,ict ,Level7,2020,07A345678,KI,Kigali,kigali_students.csv,2026-02-12 09:44:47.466967
KI021,charles#,female,,ict ,level 7,2022,,KI,Kigali,kigali_students.csv,2026-02-12 09:44:47.466967
KI022,Diane ,Male,2000/01/01,ict ,Level 6,2021,07A345678,KI,Kigali,kigali_students.csv,2026-02-12 09:44:47.466967
KI023,alice  ,Male,,ict ,level 7,2020,0781234567,KI,Kigali,kigali_students.csv,2026-02-12 09:44:47.466967
KI024,Diane ,Male,,ict ,Level7,2022,,KI,Kigali,kigali_students.csv,2026-02-12 09:44:47.466967
KI025,alice  ,,, BUSINESS,Level7,2022,,KI,Kigali,kigali_students.csv,2026-02-12 09:44:47.466967
KI026,Diane ,female,2000/01/01, BUSINESS,Level7,2021,0781234567,KI,Kigali,kigali_students.csv,2026-02-12 09:44:47.466967
KI027,Diane ,,2003-05-12,ict ,level 7,2020,,KI,Kigali,kigali_students.csv,2026-02-12 09:44:47.466967
KI028,BOB@,Male,,Engineering,level 7,2020,,KI,Kigali,kigali_students.csv,2026-02-12 09:44:47.466967
KI029,alice  ,female,01-02-2001,ict ,Level7,2022,07A345678,KI,Kigali,kigali_students.csv,2026-02-12 09:44:47.466967
KI030,BOB@,,2000/01/01, BUSINESS,level 7,2020,,KI,Kigali,kigali_students.csv,2026-02-12 09:44:47.466967
KI031,alice  ,female,, BUSINESS,Level7,2022,0781234567,KI,Kigali,kigali_students.csv,2026-02-12 09:44:47.466967
KI032,BOB@,,,Engineering,Level7,2020,07A345678,KI,Kigali,kigali_students.csv,2026-02-12 09:44:47.466967
KI033,charles#,female,01-02-2001, BUSINESS,Level 6,2022,07A345678,KI,Kigali,kigali_students.csv,2026-02-12 09:44:47.466967
KI034,Diane ,Male,2003-05-12,ict ,level 7,2020,0781234567,KI,Kigali,kigali_students.csv,2026-02-12 09:44:47.466967
KI035,alice  ,Male,2003-05-12,Engineering,Level7,2021,0781234567,KI,Kigali,kigali_students.csv,2026-02-12 09:44:47.466967
KI036,alice  ,female,2003-05-12,ict ,Level7,2020,07A345678,KI,Kigali,kigali_students.csv,2026-02-12 09:44:47.466967
KI037,Diane ,,,ict ,level 7,2020,,KI,Kigali,kigali_students.csv,2026-02-12 09:44:47.466967
KI038,alice  ,Male,,Engineering,Level 6,2021,07A345678,KI,Kigali,kigali_students.csv,2026-02-12 09:44:47.466967
KI039,alice  ,Male,,ict ,Level 6,2020,0781234567,KI,Kigali,kigali_students.csv,2026-02-12 09:44:47.466967
KI040,BOB@,Male,2000/01/01, BUSINESS,Level7,2021,07A345678,KI,Kigali,kigali_students.csv,2026-02-12 09:44:47.466967
KI041,alice  ,female,01-02-2001,ict ,level 7,2020,0781234567,KI,Kigali,kigali_students.csv,2026-02-12 09:44:47.466967
KI042,charles#,female,,Engineering,Level 6,2022,07A345678,KI,Kigali,kigali_students.csv,2026-02-12 09:44:47.466967
KI043,charles#,,01-02-2001,Engineering,level 7,2022,,KI,Kigali,kigali_students.csv,2026-02-12 09:44:47.466967
KI044,Diane ,,01-02-2001,Engineering,level 7,2020,07A345678,KI,Kigali,kigali_students.csv,2026-02-12 09:44:47.466967
KI045,alice  ,,2003-05-12,ict ,Level7,2020,07A345678,KI,Kigali,kigali_students.csv,2026-02-12 09:44:47.466967
KI046,Diane ,female,2000/01/01,Engineering,Level 6,2020,0781234567,KI,Kigali,kigali_students.csv,2026-02-12 09:44:47.466967
KI047,charles#,female,,Engineering,Level7,2022,0781234567,KI,Kigali,kigali_students.csv,2026-02-12 09:44:47.466967
KI048,alice  ,,2003-05-12,ict ,Level 6,2020,0781234567,KI,Kigali,kigali_students.csv,2026-02-12 09:44:47.466967
KI049,alice  ,,2003-05-12, BUSINESS,Level 6,2022,07A345678,KI,Kigali,kigali_students.csv,2026-02-12 09:44:47.466967
KI050,Diane ,female,,ict ,Level 6,2021,,KI,Kigali,kigali_students.csv,2026-02-12 09:44:47.466967
MU001,Diane ,Male,,Engineering,Level7,2022,,MU,Musanze,musanze_students.csv,2026-02-12 09:44:47.474890
MU002,Diane ,Male,,ict ,Level7,2021,07A345678,MU,Musanze,musanze_students.csv,2026-02-12 09:44:47.474890
MU003,alice  ,female,2000/01/01,ict ,Level 6,2020,07A345678,MU,Musanze,musanze_students.csv,2026-02-12 09:44:47.474890
MU004,alice  ,Male,2000/01/01, BUSINESS,Level 6,2022,07A345678,MU,Musanze,musanze_students.csv,2026-02-12 09:44:47.474890
MU005,BOB@,female,01-02-2001,ict ,level 7,2022,,MU,Musanze,musanze_students.csv,2026-02-12 09:44:47.474890
MU006,Diane ,female,2003-05-12,Engineering,level 7,2022,07A345678,MU,Musanze,musanze_students.csv,2026-02-12 09:44:47.474890
MU007,alice  ,Male,2000/01/01, BUSINESS,level 7,2020,07A345678,MU,Musanze,musanze_students.csv,2026-02-12 09:44:47.474890
MU008,charles#,Male,01-02-2001,ict ,Level 6,2021,0781234567,MU,Musanze,musanze_students.csv,2026-02-12 09:44:47.474890
MU009,charles#,Male,01-02-2001, BUSINESS,Level 6,2020,07A345678,MU,Musanze,musanze_students.csv,2026-02-12 09:44:47.474890
MU010,alice  ,,2003-05-12,ict ,Level 6,2021,07A345678,MU,Musanze,musanze_students.csv,2026-02-12 09:44:47.474890
MU011,alice  ,Male,,ict ,Level 6,2022,,MU,Musanze,musanze_students.csv,2026-02-12 09:44:47.474890
MU012,Diane ,female,2000/01/01,ict ,Level 6,2022,,MU,Musanze,musanze_students.csv,2026-02-12 09:44:47.474890
MU013,Diane ,Male,2003-05-12,Engineering,Level 6,2020,,MU,Musanze,musanze_students.csv,2026-02-12 09:44:47.474890
MU014,BOB@,,2000/01/01,Engineering,Level 6,2020,,MU,Musanze,musanze_students.csv,2026-02-12 09:44:47.474890
MU015,Diane ,Male,01-02-2001, BUSINESS,level 7,2021,,MU,Musanze,musanze_students.csv,2026-02-12 09:44:47.474890
MU016,charles#,,01-02-2001,ict ,level 7,2021,,MU,Musanze,musanze_students.csv,2026-02-12 09:44:47.474890
MU017,charles#,,,ict ,level 7,2020,07A345678,MU,Musanze,musanze_students.csv,2026-02-12 09:44:47.474890
MU018,alice  ,Male,01-02-2001,Engineering,level 7,2021,,MU,Musanze,musanze_students.csv,2026-02-12 09:44:47.474890
MU019,Diane ,female,01-02-2001,ict ,Level 6,2020,,MU,Musanze,musanze_students.csv,2026-02-12 09:44:47.474890
MU020,BOB@,,2003-05-12,Engineering,Level7,2021,0781234567,MU,Musanze,musanze_students.csv,2026-02-12 09:44:47.474890
MU021,charles#,Male,2000/01/01,ict ,Level 6,2020,07A345678,MU,Musanze,musanze_students.csv,2026-02-12 09:44:47.474890
MU022,charles#,Male,2000/01/01, BUSINESS,Level7,2020,07A345678,MU,Musanze,musanze_students.csv,2026-02-12 09:44:47.474890
MU023,BOB@,female,2003-05-12,ict ,level 7,2020,07A345678,MU,Musanze,musanze_students.csv,2026-02-12 09:44:47.474890
MU024,BOB@,,,ict ,Level 6,2021,,MU,Musanze,musanze_students.csv,2026-02-12 09:44:47.474890
MU025,charles#,,2000/01/01,Engineering,level 7,2021,,MU,Musanze,musanze_students.csv,2026-02-12 09:44:47.474890
MU026,charles#,Male,01-02-2001,ict ,Level 6,2021,,MU,Musanze,musanze_students.csv,2026-02-12 09:44:47.474890
MU027,BOB@,Male,2000/01/01,ict ,level 7,2020,0781234567,MU,Musanze,musanze_students.csv,2026-02-12 09:44:47.474890
MU028,charles#,female,01-02-2001,Engineering,Level7,2021,,MU,Musanze,musanze_students.csv,2026-02-12 09:44:47.474890
MU029,alice  ,female,, BUSINESS,Level7,2021,0781234567,MU,Musanze,musanze_students.csv,2026-02-12 09:44:47.474890
MU030,alice  ,,2003-05-12, BUSINESS,Level7,2020,07A345678,MU,Musanze,musanze_students.csv,2026-02-12 09:44:47.474890
MU031,BOB@,,2000/01/01,Engineering,Level 6,2022,,MU,Musanze,musanze_students.csv,2026-02-12 09:44:47.474890
MU032,Diane ,Male,2003-05-12,Engineering,Level7,2020,0781234567,MU,Musanze,musanze_students.csv,2026-02-12 09:44:47.474890
MU033,BOB@,,2000/01/01,Engineering,Level 6,2021,0781234567,MU,Musanze,musanze_students.csv,2026-02-12 09:44:47.474890
MU034,BOB@,female,01-02-2001,Engineering,Level7,2020,,MU,Musanze,musanze_students.csv,2026-02-12 09:44:47.474890
MU035,Diane ,female,2003-05-12,Engineering,Level7,2022,07A345678,MU,Musanze,musanze_students.csv,2026-02-12 09:44:47.474890
MU036,Diane ,Male,2000/01/01, BUSINESS,Level 6,2020,07A345678,MU,Musanze,musanze_students.csv,2026-02-12 09:44:47.474890
MU037,Diane ,female,01-02-2001, BUSINESS,Level 6,2021,07A345678,MU,Musanze,musanze_students.csv,2026-02-12 09:44:47.474890
MU038,alice  ,female,2003-05-12,Engineering,Level7,2022,0781234567,MU,Musanze,musanze_students.csv,2026-02-12 09:44:47.474890
MU039,charles#,female,2003-05-12,ict ,Level 6,2021,0781234567,MU,Musanze,musanze_students.csv,2026-02-12 09:44:47.474890
MU040,alice  ,female,2000/01/01,Engineering,Level7,2022,0781234567,MU,Musanze,musanze_students.csv,2026-02-12 09:44:47.474890
MU041,charles#,Male,2000/01/01,ict ,Level 6,2022,0781234567,MU,Musanze,musanze_students.csv,2026-02-12 09:44:47.474890
MU042,alice  ,Male,2000/01/01,Engineering,level 7,2020,07A345678,MU,Musanze,musanze_students.csv,2026-02-12 09:44:47.474890
MU043,charles#,,01-02-2001,Engineering,level 7,2020,,MU,Musanze,musanze_students.csv,2026-02-12 09:44:47.474890
MU044,alice  ,female,2000/01/01, BUSINESS,level 7,2021,0781234567,MU,Musanze,musanze_students.csv,2026-02-12 09:44:47.474890
MU045,Diane ,,2003-05-12,ict ,level 7,2020,0781234567,MU,Musanze,musanze_students.csv,2026-02-12 09:44:47.474890
MU046,BOB@,Male,2003-05-12,ict ,level 7,2020,07A345678,MU,Musanze,musanze_students.csv,2026-02-12 09:44:47.474890
MU047,alice  ,Male,2000/01/01, BUSINESS,Level7,2022,,MU,Musanze,musanze_students.csv,2026-02-12 09:44:47.474890
MU048,charles#,Male,2000/01/01, BUSINESS,level 7,2020,,MU,Musanze,musanze_students.csv,2026-02-12 09:44:47.474890
MU049,Diane ,Male,, BUSINESS,level 7,2022,07A345678,MU,Musanze,musanze_students.csv,2026-02-12 09:44:47.474890
MU050,alice  ,Male,2003-05-12, BUSINESS,level 7,2022,07A345678,MU,Musanze,musanze_students.csv,2026-02-12 09:44:47.474890
