student_id,full_name,gender,dob,program,level,intake_year,phone
RPH001,@Student 1#,M,13/12/2004,Computer Science,level 6,2022,0788abc123
RPH002,@Student 2#,F,2000-10-19,Information Technology,Level 7,2020,
RPH003,#Student 3 ,,3-20-2001,Electrical Eng,level 6,2022,0788123456
RPH004,-Student 4-,F,2000-2-17,Electrical Eng,level 6,2022,0788abc123
RPH005,@Student 5  ,,16/10/2000,Information Technology,Level 6,2021,0788abc123
RPH006,@Student 6  ,F,2002-12-21,Computer Science,Level 6,2020,0788123456
RPH007,#Student 7@,,18/3/2000,Electrical Eng,Level 7,2021,0788abc123
RPH008, Student 8-,F,2004-11-1,Information Technology,Level 6,2022,
RPH009,-Student 9-,F,1999-4-15,Electrical Eng,Level 6,2022,0788123456
RPH010,@Student 10#,,2000-8-14,Information Technology,Level 6,2020,0788123456
RPH011,-Student 11  ,,22/1/1998,Information Technology,level 6,2020,0788123456
RPH012,  Student 12@,M,1998-7-8,Information Technology,level 6,2021,0788abc123
RPH013, Student 13-,F,2004-8-25,Information Technology,Level 7,2022,0788123456
RPH014,  Student 14#,M,8/8/2001,Electrical Eng,Level 7,2021,0788abc123
RPH015,-Student 15 ,,2002-7-4,Computer Science,Level 6,2022,0788123456
RPH016,  Student 16  ,,9-1-2004,Electrical Eng,level 6,2021,0788abc123
RPH017,  Student 17  ,F,7-23-2001,Comp Sci,Level 6,2022,0788abc123
RPH018,-Student 18#,F,2-5-1999,Information Technology,level 6,2020,0788abc123
RPH019,@Student 19  ,F,4/1/1998,Comp Sci,level 6,2020,0788abc123
RPH020,  Student 20 ,,5/2/2003,Electrical Eng,level 6,2021,
RPH021,  Student 21@,F,13/2/1998,Electrical Eng,Level 6,2020,0788abc123
RPH022,#Student 22#,,3/12/1998,Comp Sci,Level 7,2020,0788abc123
RPH023,  Student 23-,F,2000-9-11,Computer Science,Level 6,2021,0788abc123
RPH024,  Student 24 ,,17/6/2003,Information Technology,Level 7,2020,0788123456
RPH025,  Student 25  ,F,5-16-2005,Electrical Eng,Level 6,2022,0788123456
RPH026,#Student 26@,F,19/12/1998,Computer Science,Level 7,2020,0788abc123
RPH027, Student 27  ,F,2000-1-6,Information Technology,Level 7,2020,0788123456
RPH028,  Student 28-,F,6-12-2000,Computer Science,level 6,2021,0788123456
RPH029, Student 29#,F,2001-11-20,Computer Science,Level 7,2022,0788123456
RPH030,  Student 30-,M,9-13-2002,Electrical Eng,Level 6,2022,0788abc123
RPH006,@Student 6  ,F,2002-12-21,Computer Science,Level 6,2020,0788123456
