student_id,full_name,gender,dob,program,level,intake_year,phone
RPM001,  Student 1  ,F,6-19-2003,Information Technology,Level 6,2022,0788123456
RPM002,@Student 2  ,,2-4-2003,Information Technology,level 6,2022,
RPM003,@Student 3  ,F,9-27-2000,Comp Sci,level 6,2022,0788abc123
RPM004,  Student 4-,M,2003-7-9,Electrical Eng,Level 7,2021,
RPM005,  Student 5#,F,2-9-2002,Computer Science,Level 7,2020,0788123456
RPM006,  Student 6@,M,14/10/2004,Information Technology,Level 6,2022,0788123456
RPM007,  Student 7  ,,11-10-1998,Comp Sci,Level 7,2022,
RPM008,  Student 8  ,M,11-28-1998,Information Technology,Level 7,2021,0788123456
RPM009,-Student 9  ,,2000-1-15,Computer Science,Level 7,2020,0788123456
RPM010,  Student 10-,F,4/8/1998,Comp Sci,Level 7,2020,0788abc123
RPM011, Student 11#,,7/12/2000,Electrical Eng,Level 7,2022,0788abc123
RPM012,  Student 12@,F,12/2/2002,Electrical Eng,Level 6,2022,
RPM013,-Student 13  ,F,8/2/2002,Electrical Eng,level 6,2020,0788123456
RPM014, Student 14  ,,9-8-2003,Computer Science,Level 6,2022,
RPM015, Student 15-,F,2001-3-24,Electrical Eng,Level 6,2021,
RPM016,  Student 16 ,F,3/8/2002,Computer Science,Level 7,2022,
RPM017,#Student 17@,M,17/11/2000,Comp Sci,Level 6,2021,0788abc123
RPM018,#Student 18-,M,8-19-2002,Comp Sci,Level 6,2021,0788abc123
RPM019, Student 19 ,M,11-27-1998,Comp Sci,level 6,2021,0788123456
RPM020,  Student 20-,,17/11/2004,Electrical Eng,Level 7,2021,
RPM021,-Student 21  ,,20/11/1999,Comp Sci,level 6,2022,
RPM022,  Student 22  ,M,10-5-2003,Computer Science,level 6,2022,0788123456
RPM023,-Student 23-,,1999-6-17,Comp Sci,level 6,2020,
RPM024, Student 24-,F,11-6-2003,Information Technology,level 6,2021,0788123456
RPM025,  Student 25-,M,16/4/2003,Computer Science,level 6,2020,0788abc123
RPM026,  Student 26-,F,4/7/2004,Information Technology,Level 7,2021,
RPM027,@Student 27-,M,8-3-1999,Computer Science,Level 7,2021,
RPM028,  Student 28-,F,2001-10-12,Information Technology,Level 7,2020,0788123456
RPM029,#Student 29#,M,24/11/2003,Electrical Eng,Level 7,2021,0788abc123
RPM030, Student 30  ,F,19/7/2002,Computer Science,level 6,2022,0788123456
RPM006,  Student 6@,M,14/10/2004,Information Technology,Level 6,2022,0788123456
